Control,Status
SV-257783,Implemented
SV-257787,Implemented
SV-257788,Implemented
SV-257789,Implemented
SV-257790,Implemented
SV-257791,Implemented
SV-257792,Implemented
SV-257811,Implemented
SV-257818,Implemented
SV-257820,Implemented
SV-257822,Implemented
SV-257823,Implemented
SV-257825,Implemented
SV-257828,Implemented
SV-257829,Implemented
SV-257835,Implemented
SV-257836,Implemented
SV-257839,Implemented
SV-257840,Implemented
SV-257850,Implemented
SV-257853,Implemented
SV-257860,Implemented
SV-257869,Implemented
SV-257888,Implemented
SV-257891,Implemented
SV-257892,Implemented
SV-257893,Implemented
SV-257894,Implemented
SV-257895,Implemented
SV-257896,Implemented
SV-257897,Implemented
SV-257898,Implemented
SV-257899,Implemented
SV-257900,Implemented
SV-257901,Implemented
SV-257902,Implemented
SV-257903,Implemented
SV-257904,Implemented
SV-257905,Implemented
SV-257906,Implemented
SV-257907,Implemented
SV-257908,Implemented
SV-257909,Implemented
SV-257910,Implemented
SV-257911,Implemented
SV-257912,Implemented
SV-257913,Implemented
SV-257926,Implemented
SV-257927,Implemented
SV-257932,Implemented
SV-257933,Implemented
SV-257934,Implemented
SV-257938,Implemented
SV-257943,Implemented
SV-257944,Implemented
SV-257949,Implemented
SV-257950,Implemented
SV-257953,Implemented
SV-257954,Implemented
SV-257957,Implemented
SV-257960,Implemented
SV-257961,Implemented
SV-257965,Implemented
SV-257967,Implemented
SV-257980,Implemented
SV-257982,Implemented
SV-257983,Implemented
SV-257984,Implemented
SV-257986,Implemented
SV-257988,Implemented
SV-257990,Implemented
SV-257992,Implemented
SV-257997,Implemented
SV-257998,Implemented
SV-257999,Implemented
SV-258002,Implemented
SV-258005,Implemented
SV-258010,Implemented
SV-258013,Implemented
SV-258014,Implemented
SV-258015,Implemented
SV-258016,Implemented
SV-258017,Implemented
SV-258020,Implemented
SV-258027,Implemented
SV-258028,Implemented
SV-258029,Implemented
SV-258030,Implemented
SV-258031,Implemented
SV-258032,Implemented
SV-258046,Implemented
SV-258048,Implemented
SV-258055,Implemented
SV-258057,Implemented
SV-258061,Implemented
SV-258068,Implemented
SV-258072,Implemented
SV-258073,Implemented
SV-258075,Implemented
SV-258082,Implemented
SV-258083,Implemented
SV-258088,Implemented
SV-258094,Implemented
SV-258099,Implemented
SV-258100,Implemented
SV-258101,Implemented
SV-258112,Implemented
SV-258116,Implemented
SV-258117,Implemented
SV-258121,Implemented
SV-258124,Implemented
SV-258125,Implemented
SV-258126,Implemented
SV-258129,Implemented
SV-258135,Implemented
SV-258136,Implemented
SV-258143,Implemented
SV-258145,Implemented
SV-258148,Implemented
SV-258158,Implemented
SV-258159,Implemented
SV-258160,Implemented
SV-258168,Implemented
SV-258170,Implemented
SV-258172,Implemented
SV-258175,Implemented
SV-258180,Implemented
SV-258205,Implemented
SV-258211,Implemented
SV-258212,Implemented
SV-258213,Implemented
SV-258214,Implemented
SV-258216,Implemented
SV-258224,Implemented
SV-258226,Implemented
SV-258227,Implemented
SV-258232,Implemented
SV-258234,Implemented
SV-258235,Implemented
SV-258236,Implemented
SV-258237,Implemented
SV-258241,Implemented
SV-258242,Implemented
SV-257777,Implemented (Carried Over From RHEL8 Profile)
SV-257778,Implemented (Carried Over From RHEL8 Profile)
SV-257779,Implemented (Carried Over From RHEL8 Profile)
SV-257780,Implemented (Carried Over From RHEL8 Profile)
SV-257781,Implemented (Carried Over From RHEL8 Profile)
SV-257782,Implemented (Carried Over From RHEL8 Profile)
SV-257784,Implemented (Carried Over From RHEL8 Profile)
SV-257785,Implemented (Carried Over From RHEL8 Profile)
SV-257786,Implemented (Carried Over From RHEL8 Profile)
SV-257793,Implemented (Carried Over From RHEL8 Profile)
SV-257794,Implemented (Carried Over From RHEL8 Profile)
SV-257795,Implemented (Carried Over From RHEL8 Profile)
SV-257796,Implemented (Carried Over From RHEL8 Profile)
SV-257797,Implemented (Carried Over From RHEL8 Profile)
SV-257798,Implemented (Carried Over From RHEL8 Profile)
SV-257799,Implemented (Carried Over From RHEL8 Profile)
SV-257800,Implemented (Carried Over From RHEL8 Profile)
SV-257801,Implemented (Carried Over From RHEL8 Profile)
SV-257802,Implemented (Carried Over From RHEL8 Profile)
SV-257803,Implemented (Carried Over From RHEL8 Profile)
SV-257804,Implemented (Carried Over From RHEL8 Profile)
SV-257805,Implemented (Carried Over From RHEL8 Profile)
SV-257806,Implemented (Carried Over From RHEL8 Profile)
SV-257807,Implemented (Carried Over From RHEL8 Profile)
SV-257808,Implemented (Carried Over From RHEL8 Profile)
SV-257809,Implemented (Carried Over From RHEL8 Profile)
SV-257810,Implemented (Carried Over From RHEL8 Profile)
SV-257812,Implemented (Carried Over From RHEL8 Profile)
SV-257813,Implemented (Carried Over From RHEL8 Profile)
SV-257814,Implemented (Carried Over From RHEL8 Profile)
SV-257815,Implemented (Carried Over From RHEL8 Profile)
SV-257816,Implemented (Carried Over From RHEL8 Profile)
SV-257817,Implemented (Carried Over From RHEL8 Profile)
SV-257819,Implemented (Carried Over From RHEL8 Profile)
SV-257821,Implemented (Carried Over From RHEL8 Profile)
SV-257824,Implemented (Carried Over From RHEL8 Profile)
SV-257826,Implemented (Carried Over From RHEL8 Profile)
SV-257827,Implemented (Carried Over From RHEL8 Profile)
SV-257830,Implemented (Carried Over From RHEL8 Profile)
SV-257831,Implemented (Carried Over From RHEL8 Profile)
SV-257832,Implemented (Carried Over From RHEL8 Profile)
SV-257833,Implemented (Carried Over From RHEL8 Profile)
SV-257834,Implemented (Carried Over From RHEL8 Profile)
SV-257837,Implemented (Carried Over From RHEL8 Profile)
SV-257838,Implemented (Carried Over From RHEL8 Profile)
SV-257841,Implemented (Carried Over From RHEL8 Profile)
SV-257842,Implemented (Carried Over From RHEL8 Profile)
SV-257843,Implemented (Carried Over From RHEL8 Profile)
SV-257844,Implemented (Carried Over From RHEL8 Profile)
SV-257845,Implemented (Carried Over From RHEL8 Profile)
SV-257846,Implemented (Carried Over From RHEL8 Profile)
SV-257847,Implemented (Carried Over From RHEL8 Profile)
SV-257848,Implemented (Carried Over From RHEL8 Profile)
SV-257849,Implemented (Carried Over From RHEL8 Profile)
SV-257851,Implemented (Carried Over From RHEL8 Profile)
SV-257852,Implemented (Carried Over From RHEL8 Profile)
SV-257854,Implemented (Carried Over From RHEL8 Profile)
SV-257855,Implemented (Carried Over From RHEL8 Profile)
SV-257856,Implemented (Carried Over From RHEL8 Profile)
SV-257857,Implemented (Carried Over From RHEL8 Profile)
SV-257858,Implemented (Carried Over From RHEL8 Profile)
SV-257859,Implemented (Carried Over From RHEL8 Profile)
SV-257861,Implemented (Carried Over From RHEL8 Profile)
SV-257862,Implemented (Carried Over From RHEL8 Profile)
SV-257863,Implemented (Carried Over From RHEL8 Profile)
SV-257864,Implemented (Carried Over From RHEL8 Profile)
SV-257865,Implemented (Carried Over From RHEL8 Profile)
SV-257866,Implemented (Carried Over From RHEL8 Profile)
SV-257867,Implemented (Carried Over From RHEL8 Profile)
SV-257868,Implemented (Carried Over From RHEL8 Profile)
SV-257870,Implemented (Carried Over From RHEL8 Profile)
SV-257871,Implemented (Carried Over From RHEL8 Profile)
SV-257872,Implemented (Carried Over From RHEL8 Profile)
SV-257873,Implemented (Carried Over From RHEL8 Profile)
SV-257874,Implemented (Carried Over From RHEL8 Profile)
SV-257875,Implemented (Carried Over From RHEL8 Profile)
SV-257876,Implemented (Carried Over From RHEL8 Profile)
SV-257877,Implemented (Carried Over From RHEL8 Profile)
SV-257878,Implemented (Carried Over From RHEL8 Profile)
SV-257879,Implemented (Carried Over From RHEL8 Profile)
SV-257880,Implemented (Carried Over From RHEL8 Profile)
SV-257881,Implemented (Carried Over From RHEL8 Profile)
SV-257882,Implemented (Carried Over From RHEL8 Profile)
SV-257883,Implemented (Carried Over From RHEL8 Profile)
SV-257884,Implemented (Carried Over From RHEL8 Profile)
SV-257885,Implemented (Carried Over From RHEL8 Profile)
SV-257886,Implemented (Carried Over From RHEL8 Profile)
SV-257887,Implemented (Carried Over From RHEL8 Profile)
SV-257889,Implemented (Carried Over From RHEL8 Profile)
SV-257890,Implemented (Carried Over From RHEL8 Profile)
SV-257914,Implemented (Carried Over From RHEL8 Profile)
SV-257915,Implemented (Carried Over From RHEL8 Profile)
SV-257916,Implemented (Carried Over From RHEL8 Profile)
SV-257917,Implemented (Carried Over From RHEL8 Profile)
SV-257918,Implemented (Carried Over From RHEL8 Profile)
SV-257919,Implemented (Carried Over From RHEL8 Profile)
SV-257920,Implemented (Carried Over From RHEL8 Profile)
SV-257921,Implemented (Carried Over From RHEL8 Profile)
SV-257922,Implemented (Carried Over From RHEL8 Profile)
SV-257923,Implemented (Carried Over From RHEL8 Profile)
SV-257924,Implemented (Carried Over From RHEL8 Profile)
SV-257925,Implemented (Carried Over From RHEL8 Profile)
SV-257928,Implemented (Carried Over From RHEL8 Profile)
SV-257929,Implemented (Carried Over From RHEL8 Profile)
SV-257930,Implemented (Carried Over From RHEL8 Profile)
SV-257931,Implemented (Carried Over From RHEL8 Profile)
SV-257935,Implemented (Carried Over From RHEL8 Profile)
SV-257936,Implemented (Carried Over From RHEL8 Profile)
SV-257937,Implemented (Carried Over From RHEL8 Profile)
SV-257939,Implemented (Carried Over From RHEL8 Profile)
SV-257940,Implemented (Carried Over From RHEL8 Profile)
SV-257941,Implemented (Carried Over From RHEL8 Profile)
SV-257942,Implemented (Carried Over From RHEL8 Profile)
SV-257945,Implemented (Carried Over From RHEL8 Profile)
SV-257946,Implemented (Carried Over From RHEL8 Profile)
SV-257947,Implemented (Carried Over From RHEL8 Profile)
SV-257948,Implemented (Carried Over From RHEL8 Profile)
SV-257951,Implemented (Carried Over From RHEL8 Profile)
SV-257952,Implemented (Carried Over From RHEL8 Profile)
SV-257955,Implemented (Carried Over From RHEL8 Profile)
SV-257956,Implemented (Carried Over From RHEL8 Profile)
SV-257958,Implemented (Carried Over From RHEL8 Profile)
SV-257959,Implemented (Carried Over From RHEL8 Profile)
SV-257962,Implemented (Carried Over From RHEL8 Profile)
SV-257963,Implemented (Carried Over From RHEL8 Profile)
SV-257964,Implemented (Carried Over From RHEL8 Profile)
SV-257966,Implemented (Carried Over From RHEL8 Profile)
SV-257968,Implemented (Carried Over From RHEL8 Profile)
SV-257969,Implemented (Carried Over From RHEL8 Profile)
SV-257970,Implemented (Carried Over From RHEL8 Profile)
SV-257971,Implemented (Carried Over From RHEL8 Profile)
SV-257972,Implemented (Carried Over From RHEL8 Profile)
SV-257973,Implemented (Carried Over From RHEL8 Profile)
SV-257974,Implemented (Carried Over From RHEL8 Profile)
SV-257975,Implemented (Carried Over From RHEL8 Profile)
SV-257976,Implemented (Carried Over From RHEL8 Profile)
SV-257977,Implemented (Carried Over From RHEL8 Profile)
SV-257978,Implemented (Carried Over From RHEL8 Profile)
SV-257979,Implemented (Carried Over From RHEL8 Profile)
SV-257981,Implemented (Carried Over From RHEL8 Profile)
SV-257985,Implemented (Carried Over From RHEL8 Profile)
SV-257987,Implemented (Carried Over From RHEL8 Profile)
SV-257989,Implemented (Carried Over From RHEL8 Profile)
SV-257991,Implemented (Carried Over From RHEL8 Profile)
SV-257993,Implemented (Carried Over From RHEL8 Profile)
SV-257994,Implemented (Carried Over From RHEL8 Profile)
SV-257995,Implemented (Carried Over From RHEL8 Profile)
SV-257996,Implemented (Carried Over From RHEL8 Profile)
SV-258000,Implemented (Carried Over From RHEL8 Profile)
SV-258001,Implemented (Carried Over From RHEL8 Profile)
SV-258003,Implemented (Carried Over From RHEL8 Profile)
SV-258004,Implemented (Carried Over From RHEL8 Profile)
SV-258006,Implemented (Carried Over From RHEL8 Profile)
SV-258007,Implemented (Carried Over From RHEL8 Profile)
SV-258008,Implemented (Carried Over From RHEL8 Profile)
SV-258009,Implemented (Carried Over From RHEL8 Profile)
SV-258011,Implemented (Carried Over From RHEL8 Profile)
SV-258012,Implemented (Carried Over From RHEL8 Profile)
SV-258018,Implemented (Carried Over From RHEL8 Profile)
SV-258019,Implemented (Carried Over From RHEL8 Profile)
SV-258021,Implemented (Carried Over From RHEL8 Profile)
SV-258022,Implemented (Carried Over From RHEL8 Profile)
SV-258023,Implemented (Carried Over From RHEL8 Profile)
SV-258024,Implemented (Carried Over From RHEL8 Profile)
SV-258025,Implemented (Carried Over From RHEL8 Profile)
SV-258026,Implemented (Carried Over From RHEL8 Profile)
SV-258033,Implemented (Carried Over From RHEL8 Profile)
SV-258034,Implemented (Carried Over From RHEL8 Profile)
SV-258035,Implemented (Carried Over From RHEL8 Profile)
SV-258036,Implemented (Carried Over From RHEL8 Profile)
SV-258037,Implemented (Carried Over From RHEL8 Profile)
SV-258038,Implemented (Carried Over From RHEL8 Profile)
SV-258039,Implemented (Carried Over From RHEL8 Profile)
SV-258040,Implemented (Carried Over From RHEL8 Profile)
SV-258041,Implemented (Carried Over From RHEL8 Profile)
SV-258042,Implemented (Carried Over From RHEL8 Profile)
SV-258043,Implemented (Carried Over From RHEL8 Profile)
SV-258044,Implemented (Carried Over From RHEL8 Profile)
SV-258045,Implemented (Carried Over From RHEL8 Profile)
SV-258047,Implemented (Carried Over From RHEL8 Profile)
SV-258049,Implemented (Carried Over From RHEL8 Profile)
SV-258050,Implemented (Carried Over From RHEL8 Profile)
SV-258051,Implemented (Carried Over From RHEL8 Profile)
SV-258052,Implemented (Carried Over From RHEL8 Profile)
SV-258053,Implemented (Carried Over From RHEL8 Profile)
SV-258054,Implemented (Carried Over From RHEL8 Profile)
SV-258056,Implemented (Carried Over From RHEL8 Profile)
SV-258058,Implemented (Carried Over From RHEL8 Profile)
SV-258059,Implemented (Carried Over From RHEL8 Profile)
SV-258060,Implemented (Carried Over From RHEL8 Profile)
SV-258062,Implemented (Carried Over From RHEL8 Profile)
SV-258063,Implemented (Carried Over From RHEL8 Profile)
SV-258064,Implemented (Carried Over From RHEL8 Profile)
SV-258065,Implemented (Carried Over From RHEL8 Profile)
SV-258066,Implemented (Carried Over From RHEL8 Profile)
SV-258067,Implemented (Carried Over From RHEL8 Profile)
SV-258069,Implemented (Carried Over From RHEL8 Profile)
SV-258070,Implemented (Carried Over From RHEL8 Profile)
SV-258071,Implemented (Carried Over From RHEL8 Profile)
SV-258074,Implemented (Carried Over From RHEL8 Profile)
SV-258076,Implemented (Carried Over From RHEL8 Profile)
SV-258077,Implemented (Carried Over From RHEL8 Profile)
SV-258078,Implemented (Carried Over From RHEL8 Profile)
SV-258079,Implemented (Carried Over From RHEL8 Profile)
SV-258080,Implemented (Carried Over From RHEL8 Profile)
SV-258081,Implemented (Carried Over From RHEL8 Profile)
SV-258084,Implemented (Carried Over From RHEL8 Profile)
SV-258085,Implemented (Carried Over From RHEL8 Profile)
SV-258086,Implemented (Carried Over From RHEL8 Profile)
SV-258087,Implemented (Carried Over From RHEL8 Profile)
SV-258089,Implemented (Carried Over From RHEL8 Profile)
SV-258090,Implemented (Carried Over From RHEL8 Profile)
SV-258091,Implemented (Carried Over From RHEL8 Profile)
SV-258092,Implemented (Carried Over From RHEL8 Profile)
SV-258093,Implemented (Carried Over From RHEL8 Profile)
SV-258095,Implemented (Carried Over From RHEL8 Profile)
SV-258096,Implemented (Carried Over From RHEL8 Profile)
SV-258097,Implemented (Carried Over From RHEL8 Profile)
SV-258098,Implemented (Carried Over From RHEL8 Profile)
SV-258102,Implemented (Carried Over From RHEL8 Profile)
SV-258103,Implemented (Carried Over From RHEL8 Profile)
SV-258104,Implemented (Carried Over From RHEL8 Profile)
SV-258105,Implemented (Carried Over From RHEL8 Profile)
SV-258106,Implemented (Carried Over From RHEL8 Profile)
SV-258107,Implemented (Carried Over From RHEL8 Profile)
SV-258108,Implemented (Carried Over From RHEL8 Profile)
SV-258109,Implemented (Carried Over From RHEL8 Profile)
SV-258110,Implemented (Carried Over From RHEL8 Profile)
SV-258111,Implemented (Carried Over From RHEL8 Profile)
SV-258113,Implemented (Carried Over From RHEL8 Profile)
SV-258114,Implemented (Carried Over From RHEL8 Profile)
SV-258115,Implemented (Carried Over From RHEL8 Profile)
SV-258118,Implemented (Carried Over From RHEL8 Profile)
SV-258119,Implemented (Carried Over From RHEL8 Profile)
SV-258120,Implemented (Carried Over From RHEL8 Profile)
SV-258122,Implemented (Carried Over From RHEL8 Profile)
SV-258123,Implemented (Carried Over From RHEL8 Profile)
SV-258127,Implemented (Carried Over From RHEL8 Profile)
SV-258128,Implemented (Carried Over From RHEL8 Profile)
SV-258130,Implemented (Carried Over From RHEL8 Profile)
SV-258131,Implemented (Carried Over From RHEL8 Profile)
SV-258132,Implemented (Carried Over From RHEL8 Profile)
SV-258133,Implemented (Carried Over From RHEL8 Profile)
SV-258134,Implemented (Carried Over From RHEL8 Profile)
SV-258137,Implemented (Carried Over From RHEL8 Profile)
SV-258138,Implemented (Carried Over From RHEL8 Profile)
SV-258139,Implemented (Carried Over From RHEL8 Profile)
SV-258140,Implemented (Carried Over From RHEL8 Profile)
SV-258141,Implemented (Carried Over From RHEL8 Profile)
SV-258142,Implemented (Carried Over From RHEL8 Profile)
SV-258144,Implemented (Carried Over From RHEL8 Profile)
SV-258146,Implemented (Carried Over From RHEL8 Profile)
SV-258147,Implemented (Carried Over From RHEL8 Profile)
SV-258149,Implemented (Carried Over From RHEL8 Profile)
SV-258150,Implemented (Carried Over From RHEL8 Profile)
SV-258151,Implemented (Carried Over From RHEL8 Profile)
SV-258152,Implemented (Carried Over From RHEL8 Profile)
SV-258153,Implemented (Carried Over From RHEL8 Profile)
SV-258154,Implemented (Carried Over From RHEL8 Profile)
SV-258155,Implemented (Carried Over From RHEL8 Profile)
SV-258156,Implemented (Carried Over From RHEL8 Profile)
SV-258157,Implemented (Carried Over From RHEL8 Profile)
SV-258161,Implemented (Carried Over From RHEL8 Profile)
SV-258162,Implemented (Carried Over From RHEL8 Profile)
SV-258163,Implemented (Carried Over From RHEL8 Profile)
SV-258164,Implemented (Carried Over From RHEL8 Profile)
SV-258165,Implemented (Carried Over From RHEL8 Profile)
SV-258166,Implemented (Carried Over From RHEL8 Profile)
SV-258167,Implemented (Carried Over From RHEL8 Profile)
SV-258169,Implemented (Carried Over From RHEL8 Profile)
SV-258171,Implemented (Carried Over From RHEL8 Profile)
SV-258173,Implemented (Carried Over From RHEL8 Profile)
SV-258174,Implemented (Carried Over From RHEL8 Profile)
SV-258176,Implemented (Carried Over From RHEL8 Profile)
SV-258177,Implemented (Carried Over From RHEL8 Profile)
SV-258178,Implemented (Carried Over From RHEL8 Profile)
SV-258179,Implemented (Carried Over From RHEL8 Profile)
SV-258181,Implemented (Carried Over From RHEL8 Profile)
SV-258182,Implemented (Carried Over From RHEL8 Profile)
SV-258183,Implemented (Carried Over From RHEL8 Profile)
SV-258184,Implemented (Carried Over From RHEL8 Profile)
SV-258185,Implemented (Carried Over From RHEL8 Profile)
SV-258186,Implemented (Carried Over From RHEL8 Profile)
SV-258187,Implemented (Carried Over From RHEL8 Profile)
SV-258188,Implemented (Carried Over From RHEL8 Profile)
SV-258189,Implemented (Carried Over From RHEL8 Profile)
SV-258190,Implemented (Carried Over From RHEL8 Profile)
SV-258191,Implemented (Carried Over From RHEL8 Profile)
SV-258192,Implemented (Carried Over From RHEL8 Profile)
SV-258193,Implemented (Carried Over From RHEL8 Profile)
SV-258194,Implemented (Carried Over From RHEL8 Profile)
SV-258195,Implemented (Carried Over From RHEL8 Profile)
SV-258196,Implemented (Carried Over From RHEL8 Profile)
SV-258197,Implemented (Carried Over From RHEL8 Profile)
SV-258198,Implemented (Carried Over From RHEL8 Profile)
SV-258199,Implemented (Carried Over From RHEL8 Profile)
SV-258200,Implemented (Carried Over From RHEL8 Profile)
SV-258201,Implemented (Carried Over From RHEL8 Profile)
SV-258202,Implemented (Carried Over From RHEL8 Profile)
SV-258203,Implemented (Carried Over From RHEL8 Profile)
SV-258204,Implemented (Carried Over From RHEL8 Profile)
SV-258206,Implemented (Carried Over From RHEL8 Profile)
SV-258207,Implemented (Carried Over From RHEL8 Profile)
SV-258208,Implemented (Carried Over From RHEL8 Profile)
SV-258209,Implemented (Carried Over From RHEL8 Profile)
SV-258210,Implemented (Carried Over From RHEL8 Profile)
SV-258215,Implemented (Carried Over From RHEL8 Profile)
SV-258217,Implemented (Carried Over From RHEL8 Profile)
SV-258218,Implemented (Carried Over From RHEL8 Profile)
SV-258219,Implemented (Carried Over From RHEL8 Profile)
SV-258220,Implemented (Carried Over From RHEL8 Profile)
SV-258221,Implemented (Carried Over From RHEL8 Profile)
SV-258222,Implemented (Carried Over From RHEL8 Profile)
SV-258223,Implemented (Carried Over From RHEL8 Profile)
SV-258225,Implemented (Carried Over From RHEL8 Profile)
SV-258228,Implemented (Carried Over From RHEL8 Profile)
SV-258229,Implemented (Carried Over From RHEL8 Profile)
SV-258230,Implemented (Carried Over From RHEL8 Profile)
SV-258231,Implemented (Carried Over From RHEL8 Profile)
SV-258233,Implemented (Carried Over From RHEL8 Profile)
SV-258238,Implemented (Carried Over From RHEL8 Profile)
SV-258239,Implemented (Carried Over From RHEL8 Profile)
SV-258240,Implemented (Carried Over From RHEL8 Profile)